Afghanistan|افغانستان (Afghanistan)
Aland Islands|Aland Islands
Albania|Shqipëria (Albania)
Algeria|الجزائر (Algeria)
American Samoa|Amerika Sāmoa (American Samoa)
Andorra|Andorra
Angola|Angola
Anguilla|Anguilla
Antarctica|Antarctica
Antigua and Barbuda|Antigua and Barbuda
Argentina|Argentina
Armenia|Hayastán (Armenia)
Aruba|Aruba
Australia|Australia
Austria|Österreich (Austria)
Azerbaijan|Azərbaycan (Azerbaijan)
Bahamas|Bahamas
Bahrain|البحرين (Bahrain)
Bangladesh|বাংলাদেশ (Bangladesh)
Barbados|Barbados
Belarus|Беларусь (Belarus)
Belgium|Belgique (Belgium)
Belize|Belize
Benin|Bénin
Bermuda|Bermuda
Bhutan|འབྲུག་ཡུལ (Bhutan)
Bolivia|Bolivia
Bosnia and Herzegovina|Босна и Херцеговина (Bosnia and Herzegovina)
Botswana|Botswana
Bouvet Island|Bouvet Island
Brazil|Brazil
British Indian Ocean Territory|British Indian Ocean Territory
Brunei|بروني (Brunei)
Bulgaria|България (Bulgaria)
Burkina Faso|Burkina Faso
Burundi|မြန်မာ (Burundi)
Cambodia|កម្ពុជា (Cambodia)
Cameroon|Cameroon
Canada|Canada
Cape Verde|Cabo Verde (Cape) Verde
Cayman Islands|Cayman Islands
Central African Republic|République Centrafricaine (Central African Republic)
Chad|Tchad (Chad)
Chile|Chile
China|中国 (中华人民共和国) (China)
Christmas Island|Christmas Island
Cocos Islands|Cocos (Keeling) Islands
Colombia|Colombia
Comoros|جزر القمر (Comoros)
Congo|Congo
Cook Islands|Cook Islands
Costa Rica|Costa Rica
Cote D\'ivoire|Cote D\'ivoire
Croatia|Hrvatska (Croatia)
Cuba|Cuba
Cyprus|Κύπρος (Cyprus)
Czech Republic|Česká republika (Czech Republic)
Denmark|Danmark (Denmark)
Djibouti|جيبوتي (Djibouti)
Dominica|Dominica
Dominican Republic|República Dominicana (Dominican Republic)
Ecuador|Ecuador
Egypt|مصر (Egypt)
El Salvador|El Salvador
Equatorial Guinea|Guinea Ecuatorial (Equatorial Guinea)
Eritrea|إرتريا (Eritrea)
Estonia|Eesti (Estonia)
Ethiopia|Ethiopia
Falkland Islands|ኢትዮጵያ (Falkland Islands)
Faroe Islands|Føroyar (Faroe) Islands
Fiji|Fiji
Finland|Suomi (Finland)
France|France
French Guiana|Guyane (French Guiana)
French Polynesia|Polynésie française (French Polynesia)
French Southern Territories|French Southern Territories
Gabon|Gabon
Gambia|Gambia
Georgia|საქართველო (Georgia)
Germany|Deutschland (Germany)
Ghana|Ghana
Gibraltar|Gibraltar
Greece|Ελλάδα (Greece)
Greenland|Grønland (Greenland)
Grenada|Grenada
Guadeloupe|Guadeloupe
Guam|Guåhån (Guam)
Guatemala|Guatemala
Guernsey|Guernsey
Guinea|Guinée (Guinea)
Guinea-Bissau|Guiné-Bissau (Guinea-Bissau)
Guyana|Guyana
Haiti|Haiti
Heard Island and Mcdonald Islands|Heard Island and Mcdonald Islands
Honduras|Honduras
Hong Kong|香港 (Hong Kong)
Hungary|Magyarország (Hungary)
Iceland|Ísland (Iceland)
India|India
Indonesia|Indonesia
Iran|ایران (Iran)
Iraq|العراق (Iraq)
Ireland|Éire (Ireland)
Isle of Man|Isle of Man
Israel|ישראל (Israel)
Italy|Italia (Italy)
Jamaica|Jamaica
Japan|日本 (Japan)
Jersey|Jersey
Jordan|الأردن (Jordan)
Kazakhstan|Қазақстан (Kazakhstan)
Kenya|Kenya
Kiribati|Kiribati
North Korea|북한 (Korea, North)
South Korea|대한민국 (Korea, South)
Kuwait|الكويت (Kuwait)
Kyrgyzstan|Кыргызстан (Kyrgyzstan)
Laos|ປະເທດລາວ (Laos)
Latvia|Latvija (Latvia)
Lebanon|لبنان (Lebanon)
Lesotho|Lesotho
Liberia|Liberia
Libya|ليبيا (Libya)
Liechtenstein|Liechtenstein
Lithuania|Lietuva (Lithuania)
Luxembourg|Luxembourg
Macao|Macao
Macedonia|Makedonija (Macedonia)
Madagascar|Madagascar
Malawi|Malawi
Malaysia|Malaysia
Maldives|Dhivehi Raajje (Maldives)
Mali|Mali
Malta|Malta
Marshall Islands|Marshall Islands
Martinique|Martinique
Mauritania|Mauritania
Mauritius|Maurice (Mauritius)
Mayotte|Mayotte
Mexico|Mexico
Micronesia|Micronesia, Federated States of
Moldova|Moldova, Republic of
Monaco|Monaco
Mongolia|Mongolia
Montenegro|Crna Gora (Montenegro)
Montserrat|Montserrat
Morocco|المغرب (Morocco)
Mozambique|Moçambique (Mozambique)
Myanmar|Myanmar
Namibia|Namibia
Nauru|Nauru
Nepal|नेपाल (Nepal)
Netherlands|Netherlands
Netherlands Antilles|Netherlands Antilles
New Caledonia|Nouvelle-Calédonie (New Caledonia)
New Zealand|New Zealand
Nicaragua|Nicaragua
Niger|Niger
Nigeria|Nigeria
Niue|Niue
Norfolk Island|Norfolk Island
Northern Mariana Islands|Northern Mariana Islands
Norway|Norge (Norway)
Oman|عُمان (Oman)
Pakistan|پاکستان (Pakistan)
Palau|Palau
Palestinian Territory|فلسطين (Palestine)
Panama|Panama
Papua New Guinea|Papua New Guinea
Paraguay|Paraguay
Peru|Peru
Philippines|Philippines
Pitcairn|Pitcairn
Poland|Polska (Poland)
Portugal|Portugal
Puerto Rico|Puerto Rico
Qatar|قطر (Qatar)
Reunion|Reunion
Romania|Romania
Russian Federation|Россия (Russian Federation)
Rwanda|Rwanda
Saint Helena|Saint Helena
Saint Kitts and Nevis|Saint Kitts and Nevis
Saint Lucia|Saint Lucia
Saint Pierre and Miquelon|Saint Pierre and Miquelon
Saint Vincent and The Grenadines|Saint Vincent and The Grenadines
Samoa|Samoa
San Marino|San Marino
Sao Tome and Principe|Sao Tome and Principe
Saudi Arabia|المملكة العربية السعودية (Saudi Arabia)
Senegal|Senegal
Serbia|Serbia
Seychelles|Seychelles
Sierra Leone|Sierra Leone
Singapore|Singapore
Slovakia|Slovakia
Slovenia|Slovenia
Solomon Islands|Solomon Islands
Somalia|الصومال (Somalia)
South Africa|South Africa
South Georgia and the South Sandwich Islands|South Georgia and The South Sandwich Islands
Spain|Spain
Sri Lanka|Sri Lanka
Sudan|Sudan
Suriname|Suriname
Svalbard and Jan Mayen|Svalbard and Jan Mayen
Swaziland|Swaziland
Sweden|Sweden
Switzerland|Suisse (Switzerland)
Syria|Syrian Arab Republic
Taiwan|中華民國 (Taiwan)
Tajikistan|Тоҷикистон (Tajikistan)
Tanzania|Tanzania
Thailand|ประเทศไทย (Thailand)
Timor-leste|Timor-leste
Togo|Togo
Tokelau|Tokelau
Tonga|Tonga
Trinidad and Tobago|Trinidad and Tobago
Tunisia|Tunisia
Turkey|Türkiye (Turkey)
Turkmenistan|Turkmenistan
Turks and Caicos Islands|Turks and Caicos Islands
Tuvalu|Tuvalu
Uganda|Uganda
Ukraine|Ukraїna (Ukraine)
United Arab Emirates|العربيّة (United Arab Emirates)
United Kingdom|United Kingdom
United States|United States
United States Minor Outlying Islands|United States Minor Outlying Islands
Uruguay|Uruguay
Uzbekistan|O‘zbekiston (Uzbekistan)
Vanuatu|Vanuatu
Vatican|Città del Vaticano (Vatican City)
Venezuela|Venezuela
Viet Nam|Viet Nam
British Virgin Islands|Virgin Islands, British
U.S. Virgin Islands|Virgin Islands, U.S.
Wallis and Futuna|Wallis and Futuna
Western Sahara|Western Sahara
Yemen|اليمن (Yemen)
Zambia|Zambia
Zimbabwe|Zimbabwe 